{
  "assetsByChunkName": {
    "vendors~app-account~app-checkout~app-confirmation~app-order": "chunk.7c903ecbf158f3d66852.js",
    "vendors~app-account~app-confirmation~app-order": "chunk.b51073feef16b96697ca.js",
    "vendors~app-account~app-checkout": "chunk.57137894ab876a7a1a8c.js",
    "vendors~app-cart~app-checkout": "chunk.d2d754768bda4d406fee.js",
    "admin": [
      "admin.b7f841be43d726e5564c.js",
      "admin.b7f841be43d726e5564c.js.map"
    ],
    "app-account": "chunk.d1c93a5c2b6820d1c8a5.js",
    "app-checkout": "chunk.28f0a1946df9aebccafb.js",
    "app-confirmation": "chunk.1191b5e05799a17c851e.js",
    "app-order": "chunk.350db0e8d9b008d722b0.js",
    "checkout": [
      "checkout.b201295dec8d41bea934.js",
      "checkout.b201295dec8d41bea934.js.map"
    ],
    "storefront": [
      "storefront.deb4bccbf68db47848a4.css",
      "storefront.838aa44dd227b6df58c4.js",
      "storefront.deb4bccbf68db47848a4.css.map",
      "storefront.838aa44dd227b6df58c4.js.map"
    ],
    "vendors~app-cart": "chunk.da92c2eec9b25e7d17e2.js"
  }
}